camilo,166,6456,5465546,2025-07-28
adsd,23123123,2321321,12312321,2025-07-28
dadasd,22,dasda,dad,2025-07-28
sass,44,sasa,asa,2025-07-28
dadsd,44,dadad,dad,2025-07-28
dada,1111,221212112,121212,2025-07-28
sdasd,22,sddsadsdsd,dsdasdsad,2025-07-28
22222,222,2222,hoy,2025-07-28
222,222,22,132322323,2025-07-28
ca ckac,2323,232,23232232,2025-07-28
camilo,22,2232323223,06042008,2025-07-28
camilo,22,2232323223,06042008,2025-07-28
sdadsa,22,2222222,2008-04-06,2025-07-28 15:02:30
camilo,45,4444444,2015-07-03,2025-07-29 10:07:35
